Country,Happiness Rank,Happiness Score,Life Ladder,GDP Per Capita,Social support,Healthy life expectancy at birth,Freedom to make life choices,Generosity,Perceptions of Corruption,Confidence in national government,Healthcare Expenses(% of GDP),Population(100 Million),Investment,Political Rights,Civil Liberties,Life Expectancy,Beer Servings,Shots of Liquor,Wine Servings,Total Alcohol Consumption,Continent,Economic Freedom Score,Legal System Integrity,Inflation,Regulation,Defence Spending
Afghanistan,153.0,3.575,3.782937527,7.517126083,0.520636737,52.24000168,0.530935049,0.244272724,0.775619805,0.435440153,7.89716844,0.33736494,0.16310261,6.0,6.0,60.71717073,0.0,0.0,0.0,0.0,Asia,,,,,238583385.4
Albania,95.0,4.959,5.5101242070000005,9.246655464,0.784501791,66.95999908,0.601512134,-0.17226187899999998,0.8476752040000001,0.364893705,5.84830141,0.02880703,0.9912596752,3.0,3.0,78.01446341,89.0,132.0,54.0,4.9,Europe,7.2,4.166666667,9.594,6.619161556,183204695.7
Algeria,68.0,5.605,5.604595661,9.485086441,0.8393968940000001,64.81999969,0.586663485,-0.195858598,0.6901163459999999,,6.00050994,0.39871528,-0.4033970811,6.0,5.0,75.04253659,25.0,0.0,14.0,0.7,Africa,4.95,5.0,8.222000000000001,5.333293239,9326287144.0
Angola,137.0,4.033,4.360249996,8.699498177,0.7525928620000001,53.20000076,0.456028581,-0.124064885,0.906300485,0.237090692,2.69289044,0.27859305,9.282167512,6.0,6.0,52.66609756,217.0,57.0,45.0,5.9,Africa,5.28,4.166666667,7.942,5.45870401,4144634851.0
Argentina,30.0,6.574,6.468387127000001,9.863960266,0.901776373,67.66000366,0.747498393,-0.143875062,0.816546202,0.41825547799999996,8.40588238,0.43417765,11.758994011,2.0,2.0,76.33421951,193.0,25.0,221.0,8.3,South America,5.04,3.3,5.12,5.723698766,4563217859.0
Armenia,127.0,4.35,4.319711685,8.924141883999999,0.6764464379999999,65.51999664,0.5018637779999999,-0.20153889100000003,0.8925443890000001,0.285362303,6.71185884,0.0291695,0.1784529205,5.0,4.0,74.79712195,21.0,179.0,11.0,3.8,Europe,7.75,5.0,9.488,7.651228098,380571678.9
Australia,10.0,7.284,7.195585727999999,10.66322899,0.9445990320000001,72.40000153,0.935146272,0.265168518,0.368251741,0.420419186,8.68936294,0.23789338,36.595012584,1.0,1.0,82.45121951,261.0,72.0,212.0,10.4,Oceania,7.96,9.166666667000001,9.888,8.125883364,26216580848.0
Austria,13.0,7.2,7.400688647999999,10.70440388,0.9451423879999999,71.68000031,0.919703901,0.11593899099999999,0.770585775,0.376573861,10.1991558,0.08633169,5.182161264,1.0,1.0,81.84390244,279.0,75.0,191.0,9.7,Europe,7.62,10.0,9.502,7.54926179,3187227449.0
Azerbaijan,80.0,5.212000000000001,4.9107718469999995,9.673333168,0.761873245,63.88000107,0.598859072,-0.16071149699999998,0.763154805,0.707989275,4.97886665,0.09649341,4.04763,7.0,6.0,70.84878049,21.0,46.0,5.0,1.3,Europe,6.32,5.833333333,9.788,7.055134644,3246122613.0
Bahrain,49.0,5.96,5.0271868710000005,10.62035942,0.911349595,66.86000061,0.6818228959999999,,0.437915266,,4.10642622,0.01371855,-1.462765957,7.0,6.0,76.81909756,42.0,63.0,7.0,2.0,Asia,7.33,7.5,9.45,8.764023597000001,1182180851.0
Bangladesh,109.0,4.694,4.724443913,7.903443812999999,0.581765294,61.54000092,0.66768229,-0.028887972,0.7648944259999999,0.705811918,2.57301204,1.61200886,3.380251355,4.0,4.0,72.00119512,0.0,0.0,0.0,0.0,Asia,6.24,3.333333333,8.756,6.666386521000001,1823425076.0
Belarus,59.0,5.813,5.749043465,9.768808365,0.901961505,63.45999908,0.64524883,-0.22508487100000002,0.6574302320000001,,5.24690672,0.09489616,1.6523,7.0,6.0,73.62439024,142.0,373.0,42.0,14.4,Europe,,,,,817069894.1
Belgium,19.0,6.937,6.935122012999999,10.62246037,0.92711705,71.04000092,0.8552666309999999,-0.053328025999999994,0.7575725320000001,0.44011718,10.10650062,0.11274196,-20.797132929,1.0,1.0,81.28780488,295.0,84.0,212.0,10.5,Europe,7.35,8.333333332999999,9.432,8.090982514,5168997834.0
Benin,155.0,3.34,3.1934688089999996,7.5261535639999995,0.5230273010000001,52.25999832,0.768971086,-0.08822233199999999,0.805977643,0.5820804829999999,4.66644064,0.10575952,0.1496953821,2.0,2.0,59.72070732,34.0,4.0,13.0,1.1,Africa,5.74,,8.65,6.796798712,78223091.04
Bolivia,51.0,5.89,6.018894672,8.664394378999999,0.7808194159999999,61.68000031,0.86237967,-0.009273426999999999,0.8397014140000001,0.43529263100000004,5.12558001,0.10724705,0.5034440268,3.0,3.0,68.73960976,167.0,41.0,8.0,3.8,South America,6.38,4.166666667,9.082,5.726643465,499870043.4
Bosnia and Herzegovina,96.0,4.949,4.773144722,9.203286171,0.778859854,66.77999878,0.41978931399999997,-0.013100526000000001,0.95342195,0.19495232399999998,9.49001539,0.03535961,0.2934492815,4.0,3.0,76.58858537,76.0,173.0,8.0,4.6,Europe,6.79,,9.59,7.388401554,197344650.2
Botswana,128.0,4.332,4.835938931,9.564126015,0.836743116,54.45999908,0.7994102240000001,-0.209501565,0.8144228459999999,0.6622377629999999,6.48440961,0.02209197,0.3934714062,3.0,2.0,64.48741463,173.0,35.0,35.0,5.4,Africa,7.25,5.833333333,8.492,7.977967264,326874161.7
Brazil,16.0,6.983,6.660003662,9.623767853,0.890314102,65.01999664,0.848606348,,0.622543156,0.45893567799999996,10.03918369,2.05962108,74.693632858,2.0,2.0,74.67587805,245.0,145.0,16.0,7.2,South America,6.24,3.333333333,8.92,5.078008985,33987005074.0
Bulgaria,134.0,4.218,4.222297192,9.665997505,0.837966621,65.90000153,0.641256452,-0.173897162,0.938208699,0.34292280700000005,7.59439374,0.07177991,2.77817,2.0,2.0,74.46585366,231.0,252.0,94.0,10.3,Europe,7.37,4.166666667,9.41,7.928623569,807529319.0
Burkina Faso,152.0,3.5869999999999997,3.95500803,7.3274221420000005,0.743765771,50.77999878,0.621848702,-0.06050337099999999,0.726286888,0.617090106,4.89312958,0.18110624,0.1673973286,4.0,3.0,58.93129268,25.0,7.0,7.0,4.3,Africa,5.81,5.0,9.236,7.34842853,147729698.9
Cambodia,145.0,3.819,3.8987069130000003,7.939874172000001,0.605528593,59.25999832,0.9555957909999999,0.245497048,0.890136123,0.82517308,7.26524264,0.15517635,1.700968602,6.0,5.0,68.65614634,57.0,65.0,1.0,2.2,Asia,6.92,,9.414,5.856615832999999,217305727.7
Cameroon,133.0,4.252,4.2446341510000005,8.013411522,0.74283731,49.09999847,0.766064227,-0.035121001,0.898028791,0.533314586,4.54202158,0.22834522,0.6940575566,6.0,6.0,55.93439024,147.0,1.0,4.0,5.8,Africa,6.05,3.333333333,9.412,6.655174112999999,354447463.1
Canada,5.0,7.4270000000000005,7.415144444,10.64052105,0.9481283429999999,72.51999664,0.9179611209999999,0.28257176300000003,0.46560183200000005,0.523448169,10.24045785,0.3584861,54.702381232,1.0,1.0,82.13763415,240.0,122.0,100.0,8.2,North America,7.99,9.166666667000001,9.696,8.748628303,20452107111.0
Chad,149.0,3.667,4.03297472,7.5821666720000005,0.672866464,45.74000168,0.562908113,-0.047020427999999996,0.884475827,0.30277133,3.57734906,0.14009413,0.6002197988,7.0,6.0,51.87331707,15.0,1.0,1.0,0.4,Africa,4.72,,7.196000000000001,5.081839145,0.0
Chile,27.0,6.67,6.599128723,9.967881203,0.8552355770000001,69.18000031,0.7336109279999999,0.18632897699999998,0.7821174259999999,0.34326779799999996,7.02092081,0.17762681,20.468714299,1.0,1.0,81.78756098,130.0,124.0,172.0,7.6,South America,7.81,7.5,9.398,7.431703781,5466101782.0
China,84.0,5.14,5.094917297,9.318813324,0.787818193,67.91999817,0.808255136,-0.200404897,,,4.549399,13.7122,242.0,7.0,6.0,75.98634146,79.0,192.0,8.0,5.0,Asia,6.37,5.833333333,9.47,6.224536421,157000000000.0
Colombia,33.0,6.477,6.374879837000001,9.379259109,0.914372623,66.13999939,0.8278681040000001,-0.013808967,0.868371546,0.35738286399999997,5.68462271,0.48228697,11.732167013,3.0,4.0,74.18202439,159.0,76.0,3.0,4.2,South America,6.72,3.333333333,9.363999999999999,7.431591382000001,11706271913.0
Comoros,140.0,3.9560000000000004,3.955640316,7.259981155,0.719217896,55.34000015,0.5340409279999999,-0.073209994,0.651009262,0.464862645,7.94528634,0.00777424,0.005146839506,3.0,4.0,63.55402439,1.0,3.0,1.0,0.1,Africa,,,,,0.0
Congo (Brazzaville),139.0,3.989,3.919341803,8.570007324,0.622330368,54.95999908,0.772510767,-0.147098094,0.7996537090000001,0.541932642,2.47433199,0.04995648,1.486178037,6.0,5.0,62.86765854,76.0,1.0,9.0,1.7,Africa,4.39,3.333333333,9.222000000000001,5.5212790929999995,
Congo (Kinshasa),120.0,4.5169999999999995,4.63922739,6.560744762000001,0.7695459720000001,50.77999878,0.557286203,-0.017429415,0.8074066040000001,0.43757021399999996,3.56752988,0.76196619,1.6735001,6.0,6.0,59.02390244,32.0,3.0,1.0,2.3,Africa,5.2,1.6666666669999999,8.056000000000001,5.269028829,
Costa Rica,12.0,7.226,7.272250175,9.538064002999999,0.902206898,70.09999847,0.92891407,0.048832808,0.794301391,0.280074805,7.75122422,0.04807852,3.145009998,1.0,1.0,79.58646341,149.0,87.0,11.0,4.4,North America,7.53,5.0,9.1,6.670394732999999,0.0
Croatia,62.0,5.7589999999999995,6.027634621,9.920677185,0.775817871,68.09999847,0.541909754,-0.244161829,0.923860013,0.311118603,7.78825844,0.04203604,0.1589687376,1.0,2.0,77.27560976,230.0,87.0,254.0,10.2,Europe,6.93,7.5,9.316,7.037759915,955320163.6
Cyprus,67.0,5.689,6.180507183,10.36377907,0.767177105,72.68000031,0.724629581,0.092312515,0.870691717,0.3364124,6.68578788,0.01160985,8.011131463,1.0,1.0,80.30709756,192.0,154.0,113.0,8.2,Europe,7.47,8.333333332999999,9.522,7.166137324,414496321.4
Czech Republic,31.0,6.505,6.334149361000001,10.25861073,0.91242677,68.37999725,0.739808738,-0.155507952,0.956799686,0.169811338,7.02843525,0.10546059,1.699914617,1.0,1.0,79.47317073,361.0,170.0,134.0,11.8,Europe,7.42,8.333333332999999,9.34,8.018554509,2220610395.0
Denmark,3.0,7.527,7.519909382000001,10.69957066,0.951437175,70.83999634,0.932627916,0.13419172199999999,0.187407613,0.534252763,10.24135399,0.05683483,1.88866782,1.0,1.0,81.1,224.0,81.0,278.0,10.4,Europe,7.56,10.0,9.517999999999999,8.236950013,4422458084.0
Dominican Republic,98.0,4.885,4.753311157,9.349662781000001,0.879158199,64.23999786,0.840129375,-0.062621355,0.727300286,0.43158412,5.88949284,0.10528394,2.2273,3.0,3.0,73.67668293,193.0,147.0,9.0,6.2,North America,7.03,4.166666667,9.262,5.996049705,396187178.6
Ecuador,48.0,5.975,5.960716248,9.242050171,0.785201013,67.12000275,0.8252751229999999,-0.08701530800000001,0.729978859,0.637234926,8.47968249,0.16144368,1.321508337,3.0,3.0,76.10292683,162.0,74.0,3.0,4.2,South America,6.03,4.166666667,8.98,6.329043313,2589776000.0
Egypt,135.0,4.194,4.204156876,9.192422867000001,0.736645103,60.31999969,0.45154336100000003,-0.144803181,0.880383074,0.601901174,,0.93778172,6.8848,6.0,5.0,71.31695122,6.0,4.0,1.0,0.2,Africa,6.14,5.0,8.576,4.84547475,4557748767.0
El Salvador,42.0,6.13,5.934371471,8.804447174,0.806014717,64.59999847,0.6827448009999999,-0.153194159,0.786294818,0.312310934,6.71873688,0.06312478,0.4969928141,2.0,3.0,73.00109756,52.0,69.0,2.0,2.2,North America,7.09,3.333333333,9.654,6.548218287999999,224300000.0
Estonia,73.0,5.428999999999999,5.363927841000001,10.15393448,0.889454544,67.22000122,0.696825743,-0.196030051,0.7928527,0.272975951,5.82746739,0.01315407,-0.6520141392000001,1.0,1.0,77.13170732,224.0,194.0,59.0,9.5,Europe,7.68,6.666666667,9.214,8.168021655,436852911.6
Ethiopia,122.0,4.512,4.561168671,7.1152372360000005,0.658794284,55.20000076,0.776308239,-0.036612075,,,4.5395958,0.99873033,2.1676,7.0,6.0,64.57804878,20.0,3.0,0.0,0.7,Africa,5.58,7.5,5.446000000000001,6.056356622000001,366539017.7
Finland,6.0,7.406000000000001,7.420209408,10.59445572,0.9277393820000001,70.87999725,0.920968115,-0.00570858,0.360733956,0.5979415770000001,9.29113662,0.05479531,16.938463412,1.0,1.0,81.38536585,263.0,133.0,97.0,10.0,Europe,7.81,10.0,9.437999999999999,7.932000541,3943239958.0
France,29.0,6.575,6.649365425,10.52749729,0.93709743,72.59999847,0.8413203359999999,-0.153478965,0.607905269,0.44062534,11.320896300000001,0.66624068,34.968752554,1.0,1.0,82.67073171,127.0,151.0,370.0,11.8,Europe,7.27,8.333333332999999,9.607999999999999,7.4954919460000005,60035153811.0
Gabon,143.0,3.8960000000000004,3.97205925,9.6902771,0.736096144,56.15999985,0.565965831,-0.211889133,0.8101196890000001,0.36471766200000005,2.42097557,0.01930175,0.6238904388,6.0,5.0,64.89034146,347.0,98.0,59.0,8.9,Africa,5.37,5.0,9.468,6.54277006,278143957.1
Georgia,130.0,4.297,4.254445553,8.972251892000001,0.532586455,64.91999817,0.65872401,-0.252974212,0.320887595,0.6108416320000001,8.37314174,0.037171,1.571048773,3.0,3.0,74.81741463,52.0,100.0,149.0,5.4,Europe,7.75,,9.812000000000001,8.235755763,491982529.4
Germany,26.0,6.75,6.7023620610000005,10.66480923,0.926406622,71.05999756,0.9044404629999999,0.066865228,0.67923671,0.5169281960000001,10.76729532,0.81686611,52.576912741,1.0,1.0,81.0902439,346.0,117.0,175.0,11.3,Europe,7.64,8.333333332999999,9.597999999999999,7.580292194,46470870905.0
Ghana,114.0,4.633,5.0572619439999995,8.1976614,0.68511188,54.86000061,0.679418445,0.046872314000000005,0.8978361490000001,0.576750815,5.51297119,0.27582821,3.192320531,1.0,2.0,61.49173171,31.0,3.0,10.0,1.8,Africa,6.44,4.166666667,8.168,6.253058778,337260972.7
Greece,102.0,4.857,5.0963540080000005,10.10087299,0.81214112,71.62000275,0.37261042,-0.306134254,0.958908975,0.126218989,8.88281165,0.10820883,1.140932302,2.0,2.0,81.58780488,133.0,112.0,218.0,8.3,Europe,6.67,7.5,9.7,5.717122922000001,5914988423.0
Guatemala,43.0,6.122999999999999,5.855717182,8.839147568,0.802148998,62.81999969,0.865472019,0.017802276000000002,0.8209239840000001,0.502455831,5.88481958,0.16252429,1.1755234,4.0,4.0,71.9564878,53.0,69.0,2.0,2.2,North America,7.41,3.3,9.244,6.741922959,224366543.6
Guinea,150.0,3.656,3.651554823,7.429018497,0.542295277,50.43999863,0.646187842,0.008407498000000001,0.794450223,0.557172477,3.50398284,0.12091533,0.085,5.0,5.0,59.19343902,9.0,0.0,2.0,0.2,Africa,,,6.955088503,,168913357.5
Haiti,119.0,4.518,4.4134750369999995,7.368234158,0.74866271,41.41999817,0.482485861,0.289213806,0.7171663640000001,0.367326528,9.64946914,0.10711061,0.10943,5.0,5.0,63.0737561,1.0,326.0,1.0,5.9,North America,6.0,2.5,8.744,6.766851933,0.0
Honduras,105.0,4.788,4.602218151000001,8.327683449,0.779194891,65.94000244,0.7004520890000001,0.00354071,0.8714371320000001,0.26335296,8.61853776,0.08960829,1.316679827,4.0,4.0,73.33312195,69.0,98.0,2.0,3.0,North America,7.16,2.5,8.96,6.652483582,212341274.3
Hong Kong S.A.R. of China,,,5.483764647999999,10.82731628,0.8264256720000001,75.28047943,0.879752457,0.211643279,0.379783154,0.49790594,,,,,,,,,,,,,,,,
Hungary,104.0,4.8,4.683358192,10.02491188,0.906113982,65.91999817,0.56923151,-0.142413616,0.930297315,0.209778264,7.46613865,0.09843028,-5.309180499,2.0,2.0,75.96097561,234.0,215.0,185.0,11.3,Europe,7.33,6.666666667,8.857999999999999,7.739611612000001,1322277703.0
Iceland,2.0,7.561,7.590660095,10.59492397,0.978965282,72.76000214,0.9046545029999999,0.239700317,0.7585856320000001,0.257335573,8.44292014,0.00330815,1.145752087,1.0,1.0,82.86097561,233.0,61.0,78.0,6.6,Europe,6.94,10.0,8.962,7.720718074,0.0
India,117.0,4.565,4.720146656,8.482096672,0.510574579,58.0,0.609320104,0.055298599999999996,0.829614758,0.539206505,3.32935296,13.0905398,44.00949213,2.0,3.0,68.34856098,9.0,114.0,0.0,2.2,Asia,6.54,6.666666667,8.138,6.6348591379999995,47216920048.0
Indonesia,74.0,5.399,5.36777401,9.132506371,0.8336211440000001,60.84000015,0.7703193429999999,0.342558473,0.96158886,0.672580957,2.90286671,2.58162113,19.779127977,2.0,4.0,69.07168293,5.0,1.0,0.0,0.1,Asia,6.84,5.0,9.144,6.3613477089999995,6531097955.0
Iran,110.0,4.686,4.608927727,9.718718529,0.599542618,64.37999725,0.764418423,,0.677707136,0.7185541990000001,6.63648596,0.79360487,2.05,6.0,6.0,75.59134146,0.0,0.0,0.0,0.0,Asia,4.96,6.666666667,0.0,4.435701251,16493963287.0
Iraq,112.0,4.677,4.659508705,9.590554237000001,0.730118215,59.11999893,0.314564615,-0.056442745,0.78919065,0.33984631299999996,2.69037065,0.36115649,3.3163,5.0,6.0,69.59026829,9.0,3.0,0.0,0.2,Asia,,,,,4141066054.0
Ireland,18.0,6.94,6.964645386,10.71382141,0.9617859129999999,71.69999695,0.90219456,0.29874143,0.572632253,0.34587270000000003,10.77223814,0.04676835,203.0,1.0,1.0,81.50243902,313.0,118.0,165.0,11.4,Europe,7.98,10.0,9.662,8.05773624,1157531730.0
Israel,11.0,7.278,7.110854626,10.32817173,0.9034155009999999,72.51999664,0.681439221,0.150700644,0.862327278,0.343569756,7.14195084,0.083801,11.5102,1.0,2.0,82.05121951,63.0,69.0,9.0,2.5,Asia,7.36,8.333333332999999,9.658,7.174538167000001,15567095862.0
Italy,50.0,5.9479999999999995,5.8393139839999995,10.46958542,0.86948663,72.87999725,0.570094943,0.110555314,0.9083236459999999,0.28069460399999996,8.95606116,0.60730582,13.005637733,1.0,1.0,83.4902439,85.0,42.0,237.0,6.5,Europe,7.22,6.666666667,9.392000000000001,7.468061209,29781008205.0
Japan,46.0,5.987,5.968216419,10.50143337,0.9052954320000001,74.16000366,0.752831519,,0.692387402,0.169178054,10.79065328,1.27141,5.585489706,1.0,1.0,83.84365854,77.0,202.0,16.0,7.0,Asia,7.66,8.333333332999999,9.994,7.966456308,60011530195.0
Jordan,82.0,5.192,5.131996155,9.101000786,0.8294963240000001,65.30000305,0.693142116,-0.15877798199999998,,,7.99453676,0.09159302,1.274788732,6.0,5.0,74.20334146,6.0,21.0,1.0,0.5,Asia,7.56,6.666666667,9.046,7.686703952,1472816901.0
Kazakhstan,54.0,5.855,5.759469509,9.998175621,0.8917166590000001,61.24000168,0.8398323059999999,-0.18164201100000002,0.876681805,0.726160645,3.08870056,0.17544126,6.58461453,6.0,5.0,72.0,124.0,246.0,12.0,6.8,Asia,7.14,5.833333333,8.978,7.936258324,2177543205.0
Kenya,125.0,4.419,4.547335148,7.864265442000001,0.83141011,56.61999893,0.627654195,0.080638863,0.911273062,0.40184477,5.61369749,0.47236259,1.437000004,4.0,4.0,62.13373171,58.0,22.0,2.0,1.8,Africa,7.09,3.333333333,8.124,7.471570162000001,840072590.0
Kosovo,69.0,5.5889999999999995,5.639588356,9.034389496000001,0.7571471329999999,63.57281876,0.635793388,0.020952613999999998,0.94965142,0.31239897,,0.018018,0.3432561408,3.0,4.0,71.34634146,,,,,,,,,,43390403.88
Kuwait,39.0,6.295,6.221094608,11.25955486,0.8889166709999999,65.19999695,0.934049547,,,,2.57378597,0.03935794,0.2846476238,5.0,5.0,74.69790244,0.0,0.0,0.0,0.0,Asia,6.93,8.333333332999999,9.434,7.4971106910000005,5941536637.0
Kyrgyzstan,77.0,5.2860000000000005,5.207785606,7.962011337000001,0.8561817409999999,61.93999863,0.7027316690000001,-0.057281565,0.892036796,0.513287067,8.5096633,0.059569,1.1392604,5.0,5.0,70.65121951,31.0,97.0,6.0,2.4,Asia,6.67,,9.462,6.330347044,
Laos,99.0,4.876,4.876084805,8.475143433,0.692627907,56.59999847,,0.233608022,,,2.07637582,0.06663967,1.079144682,7.0,6.0,66.53987805,62.0,0.0,123.0,6.2,Asia,,,,,
Latvia,89.0,5.098,5.125025272,9.944048882,0.8511952159999999,65.12000275,0.563811779,-0.04060765,0.894979358,0.191219807,5.42009358,0.01977527,0.7634044714,2.0,2.0,74.12439024,281.0,216.0,62.0,10.5,Europe,7.56,8.333333332999999,9.55,7.841037765,255740342.6
Lebanon,103.0,4.8389999999999995,4.572566986,9.619617462,0.712611496,65.36000061,0.620627165,-0.0045533679999999995,0.855777562,,7.99691287,0.05851479,2.341880814,5.0,4.0,79.62860976,20.0,55.0,31.0,1.9,Asia,6.96,6.666666667,9.04,5.940076774,1757213930.0
Libya,63.0,5.754,5.754394054,10.12488461,0.854930937,62.65999985,0.7115188840000001,-0.065152556,0.7905561329999999,,,0.06234955,0.725667,6.0,6.0,71.82631707,0.0,0.0,0.0,0.0,Africa,,,8.788039216,,2987413408.0
Lithuania,56.0,5.832999999999999,5.771037102,10.08786297,0.918690145,64.90000153,0.503027141,-0.277095586,0.956959248,0.145729542,6.28769059,0.0290491,0.970017859,1.0,1.0,75.1195122,343.0,244.0,56.0,12.9,Europe,7.52,6.666666667,8.634,7.651463462000001,328631681.6
Luxembourg,17.0,6.946000000000001,6.964097023,11.40205193,0.913907707,72.05999756,0.9165209529999999,0.053239107,0.402753204,0.7436705229999999,6.57173956,0.00569604,24.595772903,1.0,1.0,82.22926829,236.0,133.0,271.0,11.4,Europe,7.46,10.0,9.468,7.663719231,237503049.8
Macedonia,93.0,5.007,4.639647484,9.354412079,0.798305035,66.66000366,0.613055706,-0.08397294599999999,0.919845164,0.369646579,,0.02079308,0.29660420039999996,4.0,3.0,75.49534146,106.0,27.0,86.0,3.9,Europe,7.23,,9.336,8.31878688,
Madagascar,147.0,3.681,3.5506095889999996,7.2232594489999995,0.6730883120000001,56.63999939,0.487007886,-0.051045172,0.8535904879999999,0.35005539700000005,3.97327766,0.24234088,0.5174552393999999,3.0,4.0,65.48278049,26.0,15.0,4.0,0.8,Africa,6.48,4.166666667,8.728,6.061053959,68636017.8
Malawi,131.0,4.292,4.279269695,6.946744442000001,0.603725672,52.43999863,0.637362719,0.161339447,0.885784984,0.471810192,8.47896858,0.17573607,0.5186915269,3.0,3.0,63.79685366,8.0,11.0,1.0,1.5,Africa,6.18,4.2,5.746,6.581988966,46155953.69
Malaysia,61.0,5.77,5.914283752,10.02529716,0.841218948,65.91999817,0.8480718140000001,0.002716395,0.846618474,0.761775732,3.54644915,0.30723155,10.962721673,4.0,4.0,74.87517073,13.0,4.0,0.0,0.3,Asia,6.85,6.666666667,9.668,8.539585934,4507252007.0
Mali,138.0,3.995,4.313016891,7.498283862999999,0.823435068,49.11999893,0.7042192820000001,-0.085860699,0.786719501,0.48643791700000005,4.40167302,0.17467905,0.15294133059999998,5.0,4.0,58.45721951,5.0,1.0,1.0,0.6,Africa,5.99,5.0,8.914,6.745592904,148865779.9
Malta,37.0,6.3020000000000005,5.962872028,10.27958298,0.9217520359999999,71.83999634,0.860689878,0.34627047200000005,,0.498758078,8.99784541,0.00431874,2.921620673,1.0,1.0,81.94634146,149.0,100.0,120.0,6.6,Europe,7.63,8.333333332999999,9.516,7.632808721,49922008.91
Mauritania,124.0,4.436,4.673203945,8.149764061,0.763332725,55.13999939,0.487372756,-0.003726507,0.707005799,0.383974999,3.34404904,0.04182341,0.5017267657,6.0,5.0,63.20282927,0.0,0.0,0.0,0.0,Africa,5.68,4.1666669999999995,9.012,6.27573104,142299912.3
Mexico,14.0,7.187,7.320185184,9.704709053,0.767279446,66.86000061,0.7877683040000001,-0.095760457,0.633281112,0.3614088,5.66298734,1.25890949,33.181269654,3.0,3.0,76.92068293,238.0,68.0,5.0,5.5,North America,6.71,2.5,9.177999999999999,7.205626747,6978776719.0
Moldova,52.0,5.888999999999999,5.995712757000001,8.330985069,0.826219797,61.93999863,0.602418542,-0.002011025,0.955484569,0.21462217,10.92677155,0.03554108,0.23441,3.0,3.0,71.62643902,109.0,226.0,18.0,6.3,Europe,6.64,7.5,9.072000000000001,7.041541900000001,23870072.82
Mongolia,100.0,4.874,4.885150433,9.188996315,0.9185160990000001,60.79999924,0.688311696,0.09400819199999999,0.9323859809999999,0.310268313,3.5167032,0.02976877,0.09431976747,1.0,2.0,69.82126829,77.0,189.0,8.0,4.9,Asia,7.02,6.666666667,7.004,7.303741900000001,113622769.9
Montenegro,82.0,5.192,5.218724251,9.55154705,0.704032779,67.41999817,0.46170637,-0.191350937,0.755059719,0.355399817,,0.00622159,0.6997365111,3.0,3.0,76.33770732,31.0,114.0,128.0,4.9,Europe,7.25,,9.1692,7.734673314,67712201.3
Morocco,92.0,5.013,4.969656467,8.823402405,0.67582494,64.09999847,0.756784618,-0.197672457,0.8449347620000001,0.525867641,5.74942274,0.34803322,3.252913902,5.0,4.0,74.28931707,12.0,6.0,10.0,0.5,Africa,6.34,7.5,9.744,6.050246494,3402700836.0
Myanmar,129.0,4.3069999999999995,4.438939571000001,8.330550194,0.612249672,57.02000046,0.6910942790000001,0.624943197,0.694738686,,1.94540962,0.52403669,4.083839112,6.0,5.0,66.04207317,5.0,1.0,0.0,0.1,Asia,5.0,5.0,9.706,4.7443021839999995,2969236076.0
Nepal,121.0,4.513999999999999,4.233244896,7.651288509,0.733602345,59.59999847,0.637778401,0.07856758700000001,0.88349402,0.439799935,5.16786408,0.28656282,0.05189569993,3.0,4.0,69.97334146,5.0,6.0,0.0,0.2,Asia,6.12,,8.11,6.64132226,256686839.5
Netherlands,7.0,7.377999999999999,7.470715522999999,10.72351742,0.9388846759999999,71.63999939,0.8771186470000001,0.28282368199999997,0.433753788,0.574513912,10.90368046,0.16939923,130.0,1.0,1.0,81.70731707,251.0,88.0,190.0,9.4,Europe,7.54,10.0,9.51,7.974280135,10364720787.0
New Zealand,9.0,7.2860000000000005,7.249629973999999,10.41539097,0.9300286170000001,72.23999786,0.901853085,0.28298702800000003,0.28929793800000003,0.61469996,9.65239065,0.045957,-0.1351708387,1.0,1.0,81.45682927,203.0,79.0,175.0,9.3,Oceania,8.47,9.166666667000001,9.824,9.106324234,2094946041.0
Nicaragua,57.0,5.827999999999999,5.448006153,8.401390076,0.894054413,65.94000244,0.8503049020000001,0.018677294,0.643578768,0.5733956689999999,7.46630116,0.06082035,0.9499,4.0,3.0,75.09812195,78.0,118.0,1.0,3.5,North America,7.36,5.833333333,8.562000000000001,7.249531923999999,70132969.8
Niger,144.0,3.845,3.798088312,6.760259627999999,0.700107574,50.43999863,0.7344309090000001,-0.050190695,0.7773408890000001,0.534528375,5.84271168,0.19896965,0.5249792882,3.0,4.0,61.96902439,3.0,2.0,1.0,0.1,Africa,5.55,3.333333333,9.908,6.264050172,148865779.9
Nigeria,78.0,5.268,5.492954254,8.582878113,0.817579567,47.11999893,0.651688874,0.05498847,0.900431395,0.30356168699999997,3.33284386,1.81181744,3.128591679,4.0,5.0,53.04887805,42.0,5.0,2.0,9.1,Africa,6.22,3.333333333,7.556,6.973157924,2316478200.0
North Cyprus,,,5.463305472999999,,0.8711500759999999,,0.6925676470000001,,0.8547296520000001,0.414000452,,,,,,,,,,,,,,,,
Norway,4.0,7.522,7.678277016,11.05094433,0.9476574059999999,72.23999786,0.9465658659999999,0.128627837,0.36804267799999996,0.663340509,8.76544424,0.05188607,5.669105409,1.0,1.0,82.1,169.0,71.0,129.0,6.7,Europe,7.58,10.0,9.857999999999999,7.4483813770000005,7143962183.0
Pakistan,81.0,5.194,5.131565094,8.38193512,0.5420380229999999,56.63999939,0.366844118,0.15038733199999998,0.842024505,0.228680417,2.3593994,1.89380513,0.979,4.0,5.0,66.37697561,0.0,0.0,0.0,0.0,Asia,6.15,5.833333333,8.062000000000001,6.36885803,7478971082.0
Palestinian Territories,,,4.646608353,8.485044478999999,0.7821691040000001,,0.541582882,-0.15820919,0.7301940920000001,0.46604275700000003,,,,,,,,,,,,,,,,
Panama,25.0,6.7860000000000005,6.859835625,9.822350502,0.89739114,68.69999695,0.7831825020000001,0.008150788,0.7957966329999999,0.36155623200000003,6.3885004,0.03969249,5.0577,2.0,2.0,77.76729268,285.0,104.0,18.0,7.2,North America,7.34,5.0,8.86,7.011416186,0.0
Paraguay,53.0,5.877999999999999,5.820058346000001,8.897328377000001,0.931004941,64.73999786,0.748206615,0.215980485,0.77365911,0.296063691,7.61891241,0.06639119,0.3152655,3.0,3.0,73.02563415,213.0,117.0,74.0,7.3,South America,6.89,3.333333333,9.264,6.399594337999999,320909756.6
Peru,58.0,5.824,5.824557304,9.300539017,0.7640715840000001,66.66000366,0.703000546,-0.088603899,0.8668379190000001,0.272202104,4.840802,0.31376671,7.817116455,2.0,3.0,74.78073171,163.0,160.0,21.0,6.1,South America,7.57,5.0,9.27,7.626336372000001,2857983382.0
Philippines,90.0,5.073,5.0019650460000005,8.697647095,0.812921703,61.0,0.914499581,0.047976606,0.7711676359999999,0.758208573,4.37465267,1.01716359,5.639155962,3.0,3.0,68.4067561,71.0,186.0,1.0,4.6,Asia,7.27,4.166666667,9.366,7.2293755179999994,2898685257.0
Poland,60.0,5.791,5.87593174,10.05268764,0.9359238740000001,67.62000275,0.811301708,-0.03269821,0.8878958229999999,0.26862874600000003,6.20105252,0.37986412,14.067,1.0,1.0,78.20487805,343.0,215.0,56.0,10.9,Europe,7.32,7.5,9.25,7.683210234,8986838792.0
Portugal,88.0,5.102,4.9939622880000005,10.15835667,0.86603862,71.19999695,0.773821414,-0.09924101800000001,0.959288418,0.230625153,9.34825408,0.10358076,2.235595397,1.0,1.0,81.52195122,194.0,67.0,339.0,11.0,Europe,7.31,8.333333332999999,9.446,6.891811996,4137254045.0
Qatar,28.0,6.611000000000001,6.611298561,11.73848248,0.8381316659999999,67.33999634,0.9243336320000001,0.12791191,,,1.74822152,0.02481539,1.070879121,6.0,5.0,78.76258537,1.0,42.0,7.0,0.9,Asia,7.5,8.333333332999999,9.626,8.765284886,0.0
Romania,86.0,5.124,5.1668748860000004,9.814766883999999,0.7400431040000001,65.63999939,0.644536138,-0.11308287800000001,0.959486127,0.23637628600000002,4.70593414,0.19815481,4.317731472,2.0,2.0,74.96097561,297.0,122.0,167.0,10.4,Europe,7.47,5.8,9.334,7.76141566,2102886223.0
Russia,64.0,5.716,5.620735645,10.13286877,0.901295125,61.84000015,0.609104156,-0.303510815,0.937517941,0.452001721,4.93199479,1.4409687,6.85297,6.0,6.0,70.90853659,247.0,326.0,73.0,11.5,Asia,6.65,5.0,8.986,6.7826112610000004,
Rwanda,154.0,3.465,3.333047867,7.327535152,0.637147248,57.43999863,0.835491359,-0.009294649,0.08132489799999999,,8.45075994,0.11629553,0.3232051678,6.0,6.0,64.52453659,43.0,2.0,0.0,6.8,Africa,7.32,,8.746,8.348110791,79793910.09
Saudi Arabia,35.0,6.4110000000000005,6.396359444,10.8129282,0.8671009540000001,64.80000305,0.560455382,-0.13728000199999998,,,4.01962965,0.31557144,8.141026667,7.0,7.0,74.49334146,0.0,5.0,0.0,0.1,Asia,6.42,8.333333332999999,9.422,8.090377302,56497866667.0
Senegal,142.0,3.904,3.668736935,7.690368176000001,0.711077392,57.02000046,0.668252289,-0.024531322,0.851879895,0.6451075079999999,5.15350211,0.14976994,0.3452114859,2.0,2.0,66.80441463,9.0,1.0,7.0,0.3,Africa,5.9,5.0,9.716000000000001,5.924223501,196661489.0
Serbia,87.0,5.122999999999999,5.154521942,9.464881897,0.8194304109999999,66.51999664,0.46057468700000004,-0.131628886,0.951667845,0.223251179,9.91592609,0.07095383,2.345152815,2.0,2.0,75.48780488,283.0,131.0,127.0,9.6,Europe,6.55,5.833333333,8.533999999999999,6.563226137000001,853622633.2
Slovakia,45.0,5.995,5.91105938,10.17421913,0.925751448,67.27999878,0.6200042960000001,-0.038721785,0.9065321679999999,0.368380159,7.63384157,0.05423801,1.15141653,1.0,1.0,77.21219512,196.0,293.0,116.0,11.4,Europe,7.38,6.666666667,8.918,7.411313445,
Slovenia,55.0,5.848,6.062891006,10.23913479,0.924753785,69.59999847,0.904386282,-0.022012195,0.8907541040000001,0.238065988,8.757906199999999,0.02063531,1.680440877,1.0,1.0,81.07804878,270.0,51.0,276.0,10.6,Europe,6.84,7.5,9.48,6.8023837689999995,543496416.5
Somaliland region,91.0,5.0569999999999995,5.057314396000001,,0.786291242,,0.7582190040000001,,0.333831728,0.651241541,4.82495225,0.13908129,0.516,7.0,7.0,55.68558537,105.0,18.0,24.0,2.6,Oceania,,,,,
South Africa,113.0,4.6419999999999995,5.133887768,9.410440445,0.9065951109999999,52.41999817,0.590144992,-0.17093914699999999,0.838216782,0.42587745200000005,7.752550599999999,0.5501197668,1.521139945,2.0,2.0,57.44090244,225.0,76.0,81.0,8.2,Africa,6.98,4.166666667,8.918,7.147348419,4489590096.0
South Korea,47.0,5.984,6.003286838999999,10.36649513,0.77539736,71.91999817,0.61839807,,0.843719423,0.230812564,6.43717494,0.51014947,4.1041,2.0,2.0,82.15585366,140.0,16.0,9.0,9.8,Asia,7.45,8.333333332999999,9.56,7.256046195,31951760810.0
Spain,36.0,6.329,6.290690422000001,10.34525871,0.937023342,73.13999939,0.7545861009999999,-0.06326709700000001,0.8435930009999999,0.339146554,9.07564442,0.46447697,25.299041417,1.0,1.0,83.3804878,284.0,157.0,112.0,10.0,Europe,7.35,8.333333332999999,9.51,6.8847972760000005,18860623363.0
Sri Lanka,132.0,4.271,4.224593163,9.208340645,0.8243572709999999,66.30000305,0.800397217,0.155217215,0.822879076,0.777017355,3.40384598,0.20966,0.6812389563,4.0,4.0,74.95319512,16.0,104.0,0.0,2.2,Asia,6.73,4.166666667,8.492,6.736713205,1474902628.0
Sudan,118.0,4.55,4.550499439,8.318027496000001,0.812500715,54.56000137,0.41194790600000003,-0.06487759900000001,0.733679295,,5.31033456,0.38647803,1.736764247,7.0,7.0,63.71073171,8.0,13.0,0.0,1.7,Africa,,,,,0.0
Suriname,40.0,6.269,6.269286632999999,9.624583244,0.797262073,62.24000168,0.885488451,-0.07657465299999999,0.7512828709999999,0.72176528,5.34218893,0.00553208,0.1954028119,2.0,3.0,71.29417073,128.0,178.0,7.0,5.6,South America,6.64,,8.998,6.867504796,0.0
Sweden,8.0,7.364,7.560147762000001,10.67609787,0.929397464,72.05999756,0.944382191,0.125826225,0.253543109,0.6264972089999999,10.9382056,0.09799186,7.994305865,1.0,1.0,82.55121951,152.0,60.0,186.0,7.2,Europe,7.48,10.0,9.822000000000001,8.26281869,6243671605.0
Switzerland,1.0,7.587000000000001,7.776208877999999,10.93577576,0.94686389,72.77999878,0.9454280140000001,0.13308765,0.323240787,0.769940197,11.05786041,0.08282396,97.577566732,1.0,1.0,83.19756098,185.0,100.0,280.0,10.2,Europe,8.2,8.333333332999999,9.866,8.684988938,4592165378.0
Syria,,,3.164491177,8.474884033,0.588395178,60.54000092,0.466770619,0.314085454,0.672964215,,,,,,,,5.0,35.0,16.0,1.0,Asia,5.27,7.5,2.66,5.3352842019999995,
Taiwan Province of China,,,6.1259169579999995,10.61984253,0.8250724079999999,,0.6981951590000001,0.013813322,0.802829146,0.33514151,,,,,,,,,,,,,,,,
Tajikistan,106.0,4.7860000000000005,4.496571541000001,7.751204014,0.728590906,62.72000122,0.749034524,-0.073647104,0.7170977590000001,0.9215180279999999,5.98197819,0.08548651,0.42614789,7.0,6.0,69.76843902,2.0,15.0,0.0,0.3,Asia,6.75,,8.834,6.20776471,76260471.83
Tanzania,146.0,3.781,4.006897448999999,7.708782672999999,0.8320564029999999,53.77999878,0.577453315,0.20423518100000002,0.8869979379999999,0.41464510600000004,5.09003276,0.53879957,1.96058162,3.0,4.0,65.4874878,36.0,6.0,1.0,5.7,Africa,6.62,8.333333332999999,6.8,7.017328008,359739418.8
Thailand,34.0,6.455,6.300235271,9.578331947,0.906098127,65.94000244,0.8469328279999999,0.37302619200000003,0.908612072,0.702815235,3.52294116,0.686576,9.003516296,6.0,5.0,74.60119512,99.0,258.0,1.0,6.4,Asia,6.58,4.166666667,9.398,7.040579901,5491915221.0
Tunisia,107.0,4.739,4.463531017,9.249967575,0.614422798,65.45999908,0.567737222,-0.188796028,0.899453163,0.435219467,6.60642299,0.11273661,0.9656789651000001,1.0,3.0,74.97597561,51.0,3.0,20.0,1.3,Africa,6.4,8.333333332999999,8.9,6.813875534,681225950.6
Turkey,76.0,5.332000000000001,5.309076309,9.917490959,0.7392805809999999,64.87999725,0.47090321799999996,-0.22047071199999999,0.701850235,0.53099966,4.47785046,0.78271472,17.55,3.0,4.0,75.42621951,51.0,22.0,7.0,1.4,Asia,6.99,5.833333333,8.222000000000001,6.687992677,17958240406.0
Turkmenistan,70.0,5.547999999999999,5.463827133,9.412086487,0.945841253,60.27999878,0.78556335,-0.144082606,,,4.77595158,0.05565284,4.258767,7.0,7.0,65.73643902,19.0,71.0,32.0,2.2,Asia,,,,,0.0
Uganda,141.0,3.931,4.309237957,7.383019924,0.884721696,52.04000092,0.649463236,0.091249466,0.8375458720000001,0.396223307,7.89319139,0.4014487,1.057301392,6.0,5.0,59.17907317,45.0,9.0,0.0,8.3,Africa,7.28,5.833333333,7.196000000000001,7.968029637000001,351838247.0
Ukraine,111.0,4.681,5.030342102,9.026679039,0.897573471,62.79999924,0.5636497739999999,-0.203787565,0.8962370159999999,0.236936122,7.11666043,0.45154029,3.05,3.0,3.0,71.1895122,206.0,237.0,45.0,8.9,Europe,6.24,6.666666667,9.888,6.588028733,4136888486.0
United Arab Emirates,20.0,6.901,7.217766762,10.99237061,0.855876803,66.44000244,0.9197925929999999,,,,3.42311687,0.09154302,8.795098707,6.0,6.0,77.5412439,16.0,135.0,5.0,2.8,Asia,7.71,6.666666667,9.868,8.584499145,19024098026.0
United Kingdom,21.0,6.867000000000001,6.880784035,10.51577282,0.934574962,71.45999908,0.888970494,0.367420435,0.425169915,0.421262175,8.33916884,0.65128861,58.450557091,1.0,1.0,81.60487805,219.0,126.0,195.0,10.4,Europe,7.91,8.333333332999999,9.436,8.069761664,58495656721.0
United States,15.0,7.119,7.026226997,10.83013153,0.903192282,68.66000366,0.822662294,0.20624339600000002,0.71003443,0.348855615,16.36637753,3.20896618,379.0,1.0,1.0,78.74146341,249.0,158.0,84.0,8.7,North America,7.88,8.333333332999999,9.586,8.388109262,685000000000.0
Uruguay,32.0,6.485,6.449728489,9.824302673,0.864693701,68.27999878,0.870590031,0.05741559,0.615349591,0.584287286,8.76402574,0.03431552,1.369314228,1.0,1.0,77.13821951,115.0,35.0,220.0,6.6,South America,7.34,4.166666667,8.38,6.733924697000001,924640335.6
Uzbekistan,44.0,6.002999999999999,6.019331932,8.469233512999999,0.933141291,63.59999847,0.913550138,-0.039794546,0.46337509200000004,,5.97192624,0.312989,1.068393,7.0,7.0,68.45307317,25.0,101.0,8.0,2.4,Asia,,,,,0.0
Venezuela,23.0,6.81,7.066577435,9.780121803,0.931629658,65.77999878,0.80410856,-0.20164363100000002,0.743374348,0.539273024,5.44087389,0.31155134,3.764,5.0,5.0,74.40960976,333.0,100.0,3.0,7.7,South America,3.82,1.6666666669999999,5.7860000000000005,4.048325086,5114847100.0
Vietnam,75.0,5.36,5.53456974,8.480765343,0.775008678,66.81999969,0.856053472,-0.108108044,0.814884901,0.8564537170000001,6.27841012,0.917133,11.8,7.0,5.0,75.77773171,111.0,2.0,1.0,2.0,Asia,6.4,6.666666667,8.182,6.560864737,3360860380.0
Yemen,136.0,4.077,4.0606007580000005,8.241021156,0.681678295,54.29999924,0.705815315,-0.17852664,0.793232739,0.598434687,,0.26916207,-0.01544480835,7.0,6.0,64.03139024,6.0,0.0,0.0,0.1,Asia,6.17,3.333333333,6.542000000000001,6.286496445,
Zambia,85.0,5.129,5.013374805,8.163204193,0.780022562,51.58000183,0.787760317,-0.0030851190000000003,0.806394398,0.5941137670000001,3.93052913,0.16100587,1.582666667,3.0,4.0,60.78568293,32.0,19.0,4.0,2.5,Africa,7.19,6.666666667,8.684,6.875480838,346301423.1
Zimbabwe,115.0,4.61,4.955100536000001,7.534424305,0.896476209,49.54000092,0.469531178,-0.075712129,0.8586905,0.407083839,6.86862124,0.15777451,0.3992,5.0,5.0,59.16107317,64.0,18.0,4.0,4.7,Africa,5.06,5.0,9.2156,3.611441104,318272000.0
Aruba,,,,,,,,,,,,,,,,,,,,,,,,,,0.0
Andorra,,,,,,,,,,,10.0469414,,,,,,245.0,138.0,312.0,12.4,Europe,,,,,0.0
Arab World,,,,,,,,,,,4.01204963842291,,,,,,,,,,,,,,,122000000000.0
American Samoa,,,,,,,,,,,,,,,,,,,,,,,,,,0.0
Antigua and Barbuda,,,,,,,,,,,5.14781703,,,,,,,,,,,,,,,0.0
Burundi,157.0,2.905,,,,,,,,,8.63756421,0.1019927,0.04958437728,7.0,6.0,57.10704878,88.0,0.0,0.0,6.3,Africa,5.22,,6.398,6.2863581360000005,58966662.28
"Bahamas, The",,,,,,,,,,,6.04477612,,,,,,,,,,,,,,,
Belize,,,,,,,,,,,5.3225885,,,,,,263.0,114.0,8.0,6.8,North America,7.13,,9.736,8.032703775,15219125.0
Bermuda,,,,,,,,,,,,,,,,,,,,,,,,,,0.0
Barbados,,,,,,,,,,,7.74125648,,,,,,143.0,173.0,36.0,6.3,North America,6.67,,9.094,7.178365832000001,0.0
Brunei Darussalam,,,,,,,,,,,1.8509721000000001,,,,,,,,,,,7.07,8.333333332999999,9.908,8.626109755,411261473.9
Bhutan,79.0,5.252999999999999,,,,,,,,,3.53426234,0.00787386,0.010768411289999998,3.0,4.0,69.83285366,23.0,0.0,0.0,0.4,Asia,,,7.816068611,,0.0
Central African Republic,148.0,3.678,,,,,,,,,3.87415262,0.045461,0.003,7.0,7.0,51.41912195,17.0,2.0,1.0,1.8,Africa,4.93,,8.846,5.323969894,42746025.19
Central Europe and the Baltics,,,,,,,,,,,6.547259453539049,,,,,,,,,,,,,,,18980363983.0
Channel Islands,,,,,,,,,,,,,,,,,,,,,,,,,,0.0
Cote d'Ivoire,,,,,,,,,,,6.01966007,,,,,,37.0,1.0,7.0,4.0,Africa,5.64,4.166666667,9.738,6.573646395,407596534.1
Cabo Verde,,,,,,,,,,,5.08776221,,,,,,144.0,56.0,16.0,4.0,Africa,,,,,9736385.839
Caribbean small states,,,,,,,,,,,5.3555925562425095,,,,,,,,,,,,,,,355159679.7
Cuba,,,,,,,,,,,9.29862453,,,,,,93.0,137.0,5.0,4.2,North America,,,,,126872246.7
Curacao,,,,,,,,,,,,,,,,,,,,,,,,,,0.0
Cayman Islands,,,,,,,,,,,,,,,,,,,,,,,,,,0.0
Djibouti,126.0,4.369,,,,,,,,,4.63176867,0.00927414,0.1239984245,6.0,5.0,62.28565854,15.0,44.0,3.0,1.1,Africa,,,,,0.0
Dominica,,,,,,,,,,,5.87236836,,,,,,52.0,286.0,26.0,6.6,North America,,,,,0.0
East Asia & Pacific (excluding high income),,,,,,,,,,,4.34158733487575,,,,,,,,,,,,,,,184000000000.0
Early-demographic dividend,,,,,,,,,,,4.89985231890572,,,,,,,,,,,,,,,228000000000.0
East Asia & Pacific,,,,,,,,,,,6.815784844050009,,,,,,,,,,,,,,,324000000000.0
Europe & Central Asia (excluding high income),,,,,,,,,,,4.996282490613,,,,,,,,,,,,,,,115000000000.0
Europe & Central Asia,,,,,,,,,,,8.895169887982698,,,,,,,,,,,,,,,402000000000.0
"Egypt, Arab Rep.",,,,,,,,,,,4.55305428,,,,,,,,,,,,,,,
Euro area,,,,,,,,,,,10.188546143361599,,,,,,,,,,,,,,,192000000000.0
Eritrea,,,,,,,,,,,2.96121577,,,,,,18.0,0.0,0.0,0.5,Africa,,,,,0.0
European Union,,,,,,,,,,,9.68398798237747,,,,,,,,,,,,,,,278000000000.0
Fragile and conflict affected situations,,,,,,,,,,,4.17445847237556,,,,,,,,,,,,,,,16449796973.0
Fiji,,,,,,,,,,,3.53699015,,,,,,77.0,35.0,1.0,2.0,Oceania,6.84,,9.316,8.866701532999999,59221516.41
Faroe Islands,,,,,,,,,,,,,,,,,,,,,,,,,,0.0
"Micronesia, Fed. Sts.",,,,,,,,,,,11.94296024,,,,,,,,,,,,,,,
Gibraltar,,,,,,,,,,,,,,,,,,,,,,,,,,0.0
"Gambia, The",,,,,,,,,,,6.1363589,,,,,,,,,,,6.87,5.833333333,9.15,6.948189267999999,
Guinea-Bissau,,,,,,,,,,,4.85181988,,,,,,28.0,31.0,21.0,2.5,Africa,5.96,4.166666667,9.574,6.622181401000001,24491750.68
Equatorial Guinea,,,,,,,,,,,1.44458403,,,,,,92.0,0.0,233.0,5.8,Africa,,,,,0.0
Grenada,,,,,,,,,,,5.70029356,,,,,,199.0,438.0,28.0,11.9,North America,,,,,0.0
Greenland,,,,,,,,,,,,,,,,,,,,,,,,,,0.0
Guam,,,,,,,,,,,,,,,,,,,,,,,,,,0.0
Guyana,,,,,,,,,,,4.83490908,,,,,,93.0,302.0,1.0,7.1,South America,6.3,2.5,9.522,7.281699867,33542606.6
High income,,,,,,,,,,,11.7300413640963,,,,,,,,,,,,,,,1250000000000.0
"Hong Kong SAR, China",,,,,,,,,,,,,,,,,,,,,,,,,,
Heavily indebted poor countries (HIPC),,,,,,,,,,,5.41761595481261,,,,,,,,,,,,,,,5521179381.0
IBRD only,,,,,,,,,,,5.37102603734933,,,,,,,,,,,,,,,485000000000.0
IDA & IBRD total,,,,,,,,,,,5.29132417612783,,,,,,,,,,,,,,,509000000000.0
IDA total,,,,,,,,,,,4.11743745216036,,,,,,,,,,,,,,,24500032997.0
IDA blend,,,,,,,,,,,3.5191450020409705,,,,,,,,,,,,,,,11658703265.0
IDA only,,,,,,,,,,,4.79794132186746,,,,,,,,,,,,,,,12841329732.0
Isle of Man,,,,,,,,,,,,,,,,,,,,,,,,,,0.0
Not classified,,,,,,,,,,,,,,,,,,,,,,,,,,0.0
Jamaica,65.0,5.709,,,,,,,,,4.99695358,0.02871934,0.9249778637,2.0,3.0,75.79817073,82.0,97.0,9.0,3.4,North America,7.14,3.333333333,8.62,7.515595466000001,137635505.7
Kiribati,,,,,,,,,,,8.59842391,,,,,,21.0,34.0,1.0,1.0,Oceania,,,,,0.0
St. Kitts and Nevis,,,,,,,,,,,5.47194258,,,,,,,,,,,,,,,0.0
Latin America & Caribbean (excluding high income),,,,,,,,,,,7.9486469111792895,,,,,,,,,,,,,,,70059255297.0
Liberia,116.0,4.571000000000001,,,,,,,,,8.48516518,0.04499621,0.7210331354,3.0,4.0,61.16095122,19.0,152.0,2.0,3.1,Africa,,,,,15179000.0
St. Lucia,,,,,,,,,,,5.86491898,,,,,,171.0,315.0,71.0,10.1,North America,,,,,0.0
Latin America & Caribbean,,,,,,,,,,,7.88650633955391,,,,,,,,,,,,,,,76618759857.0
Least developed countries: UN classification,,,,,,,,,,,4.17522427458482,,,,,,,,,,,,,,,15731297507.0
Low income,,,,,,,,,,,5.489537007400839,,,,,,,,,,,,,,,5860738119.0
Liechtenstein,,,,,,,,,,,,,,,,,,,,,,,,,,0.0
Lower middle income,,,,,,,,,,,3.7756053344029903,,,,,,,,,,,,,,,96248712722.0
Low & middle income,,,,,,,,,,,5.25348461068059,,,,,,,,,,,,,,,493000000000.0
Lesotho,97.0,4.898,,,,,,,,,8.58117764,0.02174645,0.113219241,3.0,3.0,49.96121951,82.0,29.0,0.0,2.8,Africa,6.19,,8.78,7.364281127999999,53240145.82
Late-demographic dividend,,,,,,,,,,,5.52609792235829,,,,,,,,,,,,,,,369000000000.0
"Macao SAR, China",,,,,,,,,,,,,,,,,,,,,,,,,,
St. Martin (French part),,,,,,,,,,,,,,,,,,,,,,,,,,0.0
Monaco,,,,,,,,,,,2.23542721,,,,,,0.0,0.0,0.0,0.0,Europe,,,,,0.0
Maldives,,,,,,,,,,,8.67304801,,,,,,0.0,0.0,0.0,0.0,Asia,,,,,0.0
Middle East & North Africa,,,,,,,,,,,4.697401768786571,,,,,,,,,,,,,,,154000000000.0
Marshall Islands,,,,,,,,,,,18.70850108,,,,,,0.0,0.0,0.0,0.0,Oceania,,,,,0.0
Middle income,,,,,,,,,,,5.2503423177153605,,,,,,,,,,,,,,,487000000000.0
North Macedonia,,,,,,,,,,,6.61339803,,,,,,,,,,,,,,,119410402.5
Middle East & North Africa (excluding high income),,,,,,,,,,,5.60141717370131,,,,,,,,,,,,,,,46439276405.0
Northern Mariana Islands,,,,,,,,,,,,,,,,,,,,,,,,,,0.0
Mozambique,94.0,4.971,,,,,,,,,5.14836046,0.28010691,3.868353885,4.0,4.0,55.3712439,47.0,18.0,5.0,1.3,Africa,5.93,5.0,9.582,6.091911492,139100553.3
Mauritius,71.0,5.477,,,,,,,,,4.36008661,0.01262605,0.2082901395,1.0,2.0,74.35317073,98.0,31.0,18.0,2.6,Africa,8.15,,9.23,8.38598806,16662229.62
North America,,,,,,,,,,,15.746351475991302,,,,,,,,,,,,,,,705000000000.0
Namibia,,,,,,,,,,,9.18928519,,,,,,376.0,3.0,1.0,6.8,Africa,6.79,8.333333332999999,8.692,7.642481002,412163503.6
New Caledonia,,,,,,,,,,,,,,,,,,,,,,,,,,0.0
Nauru,,,,,,,,,,,7.4504211,,,,,,49.0,0.0,8.0,1.0,Oceania,,,,,0.0
OECD members,,,,,,,,,,,11.798951291811699,,,,,,,,,,,,,,,1160000000000.0
Oman,22.0,6.853,,,,,,,,,2.54985424,0.0419981,-2.691547464,6.0,5.0,77.32419512,22.0,16.0,1.0,0.7,Asia,7.04,8.333333332999999,9.418,8.695599955,9250650195.0
Other small states,,,,,,,,,,,3.5909006309352702,,,,,,,,,,,,,,,3828862888.0
Palau,,,,,,,,,,,11.4212727,,,,,,306.0,63.0,23.0,6.9,Oceania,,,,,0.0
Papua New Guinea,,,,,,,,,,,2.66693773,,,,,,44.0,39.0,1.0,1.5,Oceania,,,,,110623185.3
Pre-demographic dividend,,,,,,,,,,,3.79059500222515,,,,,,,,,,,,,,,16385564270.0
Puerto Rico,,,,,,,,,,,,,,,,,,,,,,,,,,0.0
"Korea, Dem. Peopleâ€™s Rep.",,,,,,,,,,,,,,,,,,,,,,,,,,
West Bank and Gaza,,,,,,,,,,,,,,,,,,,,,,,,,,0.0
Pacific island small states,,,,,,,,,,,5.1565059011765095,,,,,,,,,,,,,,,0.0
Post-demographic dividend,,,,,,,,,,,12.1428758888376,,,,,,,,,,,,,,,1120000000000.0
French Polynesia,,,,,,,,,,,,,,,,,,,,,,,,,,0.0
South Asia,,,,,,,,,,,3.2546645314020597,,,,,,,,,,,,,,,58489489059.0
Singapore,24.0,6.797999999999999,,,,,,,,,3.35180899,0.05535002,70.579746513,4.0,4.0,82.59512195,60.0,12.0,11.0,1.5,Asia,8.64,8.333333332999999,9.094,8.956404935,9171948019.0
Solomon Islands,,,,,,,,,,,5.64712204,,,,,,56.0,11.0,1.0,1.2,Oceania,,,,,0.0
Sierra Leone,123.0,4.507,,,,,,,,,10.59042285,0.07237025,0.51868,3.0,3.0,51.30817073,25.0,3.0,2.0,6.7,Africa,6.27,5.833333333,7.426,6.067249122000001,29758934.08
San Marino,,,,,,,,,,,7.32315588,,,,,,0.0,0.0,0.0,0.0,Europe,,,,,0.0
Somalia,,,,,,,,,,,,,,,,,0.0,0.0,0.0,0.0,Africa,,,,,0.0
Sub-Saharan Africa (excluding high income),,,,,,,,,,,5.0663025222478,,,,,,,,,,,,,,,18751443006.0
South Sudan,,,,,,,,,,,,,,,,,,,,,,,,,,988225988.7
Sub-Saharan Africa,,,,,,,,,,,5.0658717522527095,,,,,,,,,,,,,,,18761367116.0
Small states,,,,,,,,,,,3.8684977161927905,,,,,,,,,,,,,,,4243244084.0
Sao Tome and Principe,,,,,,,,,,,6.47638899,,,,,,,,,,,,,,,0.0
Eswatini,,,,,,,,,,,7.45511665,,,,,,,,,,,,,,,90639795.27
Sint Maarten (Dutch part),,,,,,,,,,,,,,,,,,,,,,,,,,0.0
Seychelles,,,,,,,,,,,4.4076258,,,,,,157.0,25.0,51.0,4.1,Africa,,,8.577925875,,9924109.749
Syrian Arab Republic,,,,,,,,,,,3.56555954,,,,,,,,,,,,,,,0.0
Turks and Caicos Islands,,,,,,,,,,,,,,,,,,,,,,,,,,0.0
East Asia & Pacific (IDA & IBRD countries),,,,,,,,,,,4.34172934974533,,,,,,,,,,,,,,,184000000000.0
Europe & Central Asia (IDA & IBRD countries),,,,,,,,,,,5.16149445104924,,,,,,,,,,,,,,,125000000000.0
Togo,158.0,2.839,,,,,,,,,6.12357093,0.07416802,0.2577563563,4.0,4.0,60.1207561,36.0,2.0,19.0,1.3,Africa,5.33,5.0,9.474,4.967241423,62931049.68
Latin America & the Caribbean (IDA & IBRD countries),,,,,,,,,,,7.872544587315071,,,,,,,,,,,,,,,76491887610.0
Timor-Leste,,,,,,,,,,,1.21629391,,,,,,1.0,1.0,4.0,0.1,Asia,6.69,,7.64,7.408065617,33388000.0
Middle East & North Africa (IDA & IBRD countries),,,,,,,,,,,5.60141717370131,,,,,,,,,,,,,,,46439276405.0
Tonga,,,,,,,,,,,5.06484233,,,,,,36.0,21.0,5.0,1.1,Oceania,,,,,0.0
South Asia (IDA & IBRD),,,,,,,,,,,3.2546645314020597,,,,,,,,,,,,,,,58489489059.0
Sub-Saharan Africa (IDA & IBRD countries),,,,,,,,,,,5.0658717522527095,,,,,,,,,,,,,,,18761367116.0
Trinidad and Tobago,41.0,6.167999999999999,,,,,,,,,4.90389133,0.01360092,0.4060808935,2.0,2.0,70.55770732,,,,,,6.6,4.166666667,8.148,7.449798349,168762442.5
Tuvalu,,,,,,,,,,,14.35166111,,,,,,6.0,41.0,9.0,1.0,Oceania,,,,,0.0
Upper middle income,,,,,,,,,,,5.63490188818617,,,,,,,,,,,,,,,391000000000.0
St. Vincent and the Grenadines,,,,,,,,,,,3.85218799,,,,,,,,,,,,,,,0.0
British Virgin Islands,,,,,,,,,,,,,,,,,,,,,,,,,,0.0
Virgin Islands (U.S.),,,,,,,,,,,,,,,,,,,,,,,,,,0.0
Vanuatu,,,,,,,,,,,3.7651373,,,,,,21.0,18.0,11.0,0.9,Oceania,,,,,0.0
World,,,,,,,,,,,9.46374185948091,,,,,,,,,,,,,,,1740000000000.0
"Yemen, Rep.",,,,,,,,,,,5.19593612,,,,,,,,,,,,,,,1618840127.0
Swaziland,101.0,4.867,,,,,,,,,,0.01319011,0.03168132025,7.0,5.0,48.87395122,90.0,2.0,2.0,4.7,Africa,6.44,,8.212,7.421894947999999,
Trinidad & Tobago,,,,,,,,,,,,,,,,,197.0,156.0,7.0,6.4,North America,,,,,
St. Kitts & Nevis,,,,,,,,,,,,,,,,,194.0,205.0,32.0,7.7,North America,,,,,
Niue,,,,,,,,,,,,,,,,,188.0,200.0,7.0,7.0,Oceania,,,,,
Bahamas,,,,,,,,,,,,,,,,,122.0,176.0,51.0,6.3,North America,7.31,7.5,9.606,8.495517605,0.0
St. Vincent & the Grenadines,,,,,,,,,,,,,,,,,120.0,221.0,11.0,6.3,North America,,,,,
Antigua & Barbuda,,,,,,,,,,,,,,,,,102.0,128.0,45.0,4.9,North America,,,,,
Micronesia,,,,,,,,,,,,,,,,,62.0,50.0,18.0,2.3,Oceania,,,,,0.0
Sao Tome & Principe,,,,,,,,,,,,,,,,,56.0,38.0,140.0,4.2,Africa,,,,,
Brunei,,,,,,,,,,,,,,,,,31.0,2.0,1.0,0.6,Asia,,,,,
Gambia,,,,,,,,,,,,,,,,,8.0,0.0,1.0,2.4,Africa,,,,,11173079.86
Cook Islands,,,,,,,,,,,,,,,,,0.0,254.0,74.0,5.9,Oceania,,,,,
North Korea,,,,,,,,,,,,,,,,,0.0,0.0,0.0,0.0,Asia,,,,,0.0
Cape Verde,,,,,,,,,,,,,,,,,,,,,,6.56,,9.492,6.506615051,
Hong Kong,,,,,,,,,,,,,,,,,,,,,,8.96,8.333333332999999,9.187999999999999,9.404904982,
Pap. New Guinea,,,,,,,,,,,,,,,,,,,,,,6.91,4.166666667,9.552,8.072818011,
Taiwan,,,,,,,,,,,,,,,,,,,,,,7.71,8.333333332999999,9.62,7.48241511,
"Congo, Dem. Rep.",,,,,,,,,,,,,,,,,,,,,,,,,,332493979.4
"Congo, Rep.",,,,,,,,,,,,,,,,,,,,,,,,,,0.0
Hong Kong ,,,,,,,,,,,,,,,,,,,,,,,,,,0.0
Kyrgyz Republic,,,,,,,,,,,,,,,,,,,,,,,,,,107529842.9
Lao PDR,,,,,,,,,,,,,,,,,,,,,,,,,,20327157.66
Macao ,,,,,,,,,,,,,,,,,,,,,,,,,,0.0
Russian Federation,,,,,,,,,,,,,,,,,,,,,,,,,,81469399931.0
Slovak Republic,,,,,,,,,,,,,,,,,,,,,,,,,,1020180035.0
Samoa,,,,,,,,,,,,,,,,,,,,,,,,,,0.0
